product,day,n,mean_mid,std_mid,rvol_bps,adf_p,vr2,vr5,vr10,ac1,ac5,ac10,ac50,ac100,fft_period,fft_ratio,mean_spread,mean_bid_size,mean_ask_size
GALAXY_SOUNDS_BLACK_HOLES,2,10000,10680.49205,558.1827629565405,9.910899038920476,0.8001752676043906,0.9822818870483639,0.9722116371376309,0.9743706422755523,-0.017677086650426905,0.008337804708114958,0.01261534958407253,-0.014198358227671435,0.008742102185247461,10.525263157894736,3.8695898684288106,13.6031,18.2591,18.2854
GALAXY_SOUNDS_BLACK_HOLES,3,10000,11107.8778,323.3055202392313,10.01175640687487,0.9021725293112757,0.9942670674620813,0.9744033514815289,0.9881943583473584,-0.005689406351678881,0.00020634248977089662,-0.0020974570237454267,0.004554706745131824,-0.0035013174585017035,2.0339707078925957,3.7130517580398914,14.0854,18.3108,18.276
GALAXY_SOUNDS_BLACK_HOLES,4,10000,12612.2464,529.6314696909918,9.999267927397371,0.8096978017751719,0.9731457583834845,0.984632811314671,1.0105226466202983,-0.026801650101791048,0.012404702205489131,-0.010739641678894104,0.00022197533804708467,0.003969313653781339,4.925615763546798,3.347622172464112,15.8498,18.1905,18.2166
GALAXY_SOUNDS_DARK_MATTER,2,10000,10111.9138,250.25646918623303,9.954803648698103,0.35350565773429965,1.0022416129784537,0.9830559677645553,0.9685649545824306,0.002211625310069208,-0.0019648555732014452,-0.014283267865576573,-0.0049055366794923975,-0.011787166207168777,20.616494845360826,3.7254249162529818,12.9228,18.2591,18.2854
GALAXY_SOUNDS_DARK_MATTER,3,10000,10421.9509,320.12492348954964,10.058591974991232,0.6171135060293375,0.9760538363735508,0.9890992680588301,1.006911817469054,-0.023753768813756376,-0.00013142529229779644,-0.015581528899338113,0.0057498695744887035,0.0032246542573880726,2.8658641444539983,3.432297119798754,13.2836,18.3108,18.276
GALAXY_SOUNDS_DARK_MATTER,4,10000,10146.12075,324.31079914865234,10.033942337424365,0.16029584903264976,0.9871995149987489,0.9855788669222652,0.9996634648415811,-0.012872077011843624,0.008848987253505703,-0.014385735653875032,0.009930837792919187,0.005944764730044145,6.7698036560595805,3.621276433431998,12.9461,18.1905,18.2166
GALAXY_SOUNDS_PLANETARY_RINGS,2,10000,10013.2524,480.53451410303506,10.147217809907628,0.97736024379405,0.9956184229082733,0.9988417476286702,1.0288724028883602,-0.004414081848136784,0.009805098533053284,-0.013882007745530257,-0.016774046722672003,0.006841346254561172,2.3071065989847717,3.743299959467884,12.8162,18.2591,18.2854
GALAXY_SOUNDS_PLANETARY_RINGS,3,10000,11615.2732,270.8353967112866,10.009530567045562,0.16664679860238135,0.9969631859189126,1.0129289855266337,1.0413821114602764,-0.0031356641046762592,0.0144311101900457,-0.0014084207443240946,9.571383235040581e-05,-0.005863644778736103,5.736660929432014,3.6515863930662302,14.688,18.3108,18.276
GALAXY_SOUNDS_PLANETARY_RINGS,4,10000,10671.49395,397.9568943848033,10.104453183875364,0.8376469510426616,0.9980105024276892,0.9964629110643383,0.9889015331619379,-0.0020860656210321825,-0.017862853437871442,0.02133283514659644,0.006247428769330931,-0.0016447364820587184,2.007025291047772,3.7946105876728615,13.5659,18.1905,18.2166
GALAXY_SOUNDS_SOLAR_FLAMES,2,10000,11095.64355,496.8284536119057,10.013698907634826,0.2248511519562229,0.9760398437891804,0.9741327500962692,1.0057110092806032,-0.024047857306927083,0.006812373137892371,-0.0004585300441489055,0.005244804720037964,-0.0025859278494742323,2.280793795620438,3.664080337901175,14.0921,18.2591,18.2854
GALAXY_SOUNDS_SOLAR_FLAMES,3,10000,11259.9986,443.6711244244322,9.964824296874639,0.7945209858763342,0.9970021203037455,0.9908847367846911,0.99470314686704,-0.0029494446860542397,0.0005284392487224336,0.022512839697895096,-0.004826390979884076,0.010009995427243755,4.192452830188679,4.080213289761126,14.2676,18.3108,18.276
GALAXY_SOUNDS_SOLAR_FLAMES,4,10000,10922.07295,327.24969267105126,10.008699896591464,0.3967536922191163,0.9907284342795959,0.9803941468964638,0.9668647887170084,-0.009023488873353623,-0.009010902645410714,0.006419757755966499,-0.006473044049845708,0.0003565425805654821,2.326430898092136,3.4680065965205316,13.8549,18.1905,18.2166
GALAXY_SOUNDS_SOLAR_WINDS,2,10000,10066.5822,374.1915502695912,10.15753128510107,0.7315233997294333,0.9883582868281567,0.9633781797194819,0.9573122785966354,-0.011727607178677671,0.017536849523481335,0.005799150332485866,-0.008814821953137717,0.01635959319049298,4.280393835616438,3.531098653413633,12.8726,18.2591,18.2854
GALAXY_SOUNDS_SOLAR_WINDS,3,10000,10309.85285,490.7355575275522,10.051158534568765,0.5970836762157883,1.0018523373062216,1.0031092693870653,0.9949312748485668,0.001788310762612769,0.002902913858647823,0.008615617100774704,0.009470418635498834,-0.004549674540168504,2.4646290362336702,3.633133252572331,13.1533,18.3108,18.276
GALAXY_SOUNDS_SOLAR_WINDS,4,10000,10936.19685,308.15615234013666,10.050305872153626,0.7197724666246248,0.9881736066555914,0.9817199112633849,0.9793098733349721,-0.01192244022330091,-0.003911456931346852,0.0022659161270098083,0.0037603662662126567,-0.005661701077829194,7.529367469879518,3.2838407496848303,13.8779,18.1905,18.2166
MICROCHIP_CIRCLE,2,10000,9190.40285,231.17638122627818,10.012522553944521,0.02529513636158907,0.9913421225869771,0.974085111405688,0.9544147179906056,-0.008515992760556883,-0.005734764205952112,0.018230047956533366,-0.00947700886024288,0.005054321833806192,4.304347826086956,3.586262220694298,8.2583,6.7568,6.7659
MICROCHIP_CIRCLE,3,10000,8897.68425,264.28385275483157,9.946632302351702,0.5519592813142025,0.9914525176708902,1.0321605639468356,1.0278360144105998,-0.008555137186577808,-0.0024973484557623197,-0.012598891521808353,0.009368801649112756,-0.00011913737613863057,11.974850299401197,3.5412024059008558,8.0001,7.0296,7.0188
MICROCHIP_CIRCLE,4,10000,9556.56875,713.7418649963287,10.018379617565703,0.7589416947998846,1.00114776115254,1.0097058533034833,1.0199578874687283,0.001355758220461003,0.007219679479584391,0.0057713469243261565,-0.004557216000824129,-0.0034176331311634306,2.4953830796106815,4.178781756568802,8.5281,6.5232,6.4724
MICROCHIP_OVAL,2,10000,9766.38225,306.83295676953855,14.908608950428102,0.2749138830394043,0.9992683326610288,0.9765256858039969,0.9323229518842154,-0.0008144632034069999,-0.016583359030294415,-0.006338018788380123,0.0024076528704579355,0.001963039181270775,5.062784810126582,3.396225466493891,8.7157,6.2498,6.1838
MICROCHIP_OVAL,3,10000,8543.7736,615.8025589367423,15.130978844300044,0.895262316649253,0.9848953187573601,1.0064613623896528,1.0380451848239085,-0.015105824409378828,-0.012428846535674538,-0.005585747619205698,-0.0027273543359212916,-0.008149165233312808,24.152173913043477,3.621609858695708,7.727,7.3701,7.3932
MICROCHIP_OVAL,4,10000,6228.6403,543.0882725357914,14.926183928334343,0.493364666017626,0.9940738830416342,0.9959871022500252,0.991927913746568,-0.005863340534725086,0.001239375718139393,0.00996825715903165,-0.0019170310527964012,0.00491384157861155,2.9644233619922917,4.0860052216031955,5.9066,9.7682,9.6671
MICROCHIP_RECTANGLE,2,10000,9596.87255,378.603504185444,14.931630240048069,0.2727164265565022,0.996831057804284,1.0108855498037028,1.0139566087611505,-0.0031920814919823614,-0.008453185767022838,0.0070786095613611264,0.007461009258015913,-0.012744845300454475,6.078419452887538,3.471344006608545,8.5759,6.3826,6.4074
MICROCHIP_RECTANGLE,3,10000,8293.35405,558.3349264317947,14.942982163716415,0.3720421989844743,0.9977835131788036,1.0087267684402532,1.0320146290314285,-0.0022654324518677654,-0.004345625555841705,-0.0001927304302207678,-0.0156699048270104,0.012096498530083617,3.1198127925117003,3.3809311037819927,7.5291,7.5804,7.6427
MICROCHIP_RECTANGLE,4,10000,8307.09145,347.13468223716495,15.095558237884777,0.3695669083839896,0.9977406077942809,0.9988507361046456,0.998857431779574,-0.0023353582561452878,-0.00188489610161447,0.008341643148738937,0.001477884561520852,0.0061291985468079875,4.366375545851528,3.6086364096609658,7.5523,7.6861,7.6336
MICROCHIP_SQUARE,2,10000,11268.46065,700.7530041866232,14.93206619421181,0.6167117188686171,0.980275453930829,0.968505031686735,0.9564270755195537,-0.01978945923223044,-0.0028886242310354835,0.009003905359792053,-0.0015794839613932996,-0.004547616635181727,3.529474055771267,3.5688194970460505,9.9049,5.9616,5.9735
MICROCHIP_SQUARE,3,10000,14584.241,1001.8037002921282,15.16143548212925,0.3685088963952342,0.9879243566193481,0.9799328656238792,1.013173772309334,-0.01203565391806044,0.018589196489953143,0.021054202722366307,-0.015215642244929113,-0.0036554901133258127,2.366067203028869,3.866481453106438,12.4872,5.9552,5.9489
MICROCHIP_SQUARE,4,10000,14931.54325,613.7910245795694,15.136954946825352,0.5770077942895984,0.9653593846079358,0.9374460356532348,0.9259292134453192,-0.03458650323928335,-0.0009795836109328532,-0.011640282152221173,0.009898114090779493,-0.009130773491642773,3.538216560509554,3.558692102577922,12.7643,5.9559,5.9492
MICROCHIP_TRIANGLE,2,10000,10216.49205,251.8380374601849,14.964071829977351,0.05847720256520158,0.999816342553252,0.9869676189159696,0.9797518717026626,-0.0002709269620355568,0.00018107474439687051,-0.001564667760006809,0.0006334202985817408,-0.0008070361940490437,3.9884323893099323,3.4559164279642416,9.0691,5.9817,5.9999
MICROCHIP_TRIANGLE,3,10000,10229.08485,369.63148692377047,14.87661203644423,0.8845866574239121,0.9929294806853746,0.9610586203926192,0.9298545179741329,-0.0071082236180185976,0.005428524505188233,0.02100673325296772,0.007827916044876879,-0.008651132742149478,35.96762589928058,3.48914266334738,9.0501,6.0178,6.0161
MICROCHIP_TRIANGLE,4,10000,8613.59635,396.2111410494125,14.901826774988228,0.6253895993907622,0.9841274137012348,0.9698746832714435,0.9807656435575943,-0.015917459117125332,0.012614873497349684,-0.010703065862202873,0.00027012726312185525,0.001608488447987251,2.14709040154606,3.678447350094963,7.7871,7.3185,7.2937
OXYGEN_SHAKE_CHOCOLATE,2,10000,9355.80775,278.9886830409748,11.333789675657126,0.13560875700852726,0.881268151145729,0.8181788993294747,0.8181844147189636,-0.11881999141781906,0.0156873278302895,0.020895419664035915,-0.013167248881163392,-0.0035882359136272944,2.5410419313850063,3.981870742995283,11.8201,18.2591,18.2854
OXYGEN_SHAKE_CHOCOLATE,3,10000,9243.5852,217.83513993605348,10.03093834157988,0.19048352244979205,0.9921846998622562,0.9869660330355166,0.9886438064769159,-0.007800217514166105,-0.0017996673633794613,-0.015814617852095467,0.0009260094562029219,0.004863293049438481,2.026139817629179,3.716032888111025,11.8828,18.3108,18.276
OXYGEN_SHAKE_CHOCOLATE,4,10000,10071.24445,643.700028172438,12.05023191973505,0.7951030248301326,0.8986425525452248,0.7891902899864618,0.7278311557729871,-0.10129217332817302,0.017593286884826462,-0.03362950031486145,0.01219726268225035,-0.0067360915847311225,2.4088171524933752,3.773256488529869,12.8535,18.1905,18.2166
OXYGEN_SHAKE_EVENING_BREATH,2,10000,9184.5614,567.6724435183022,13.067175417208105,0.8053016707734392,0.8370229576131979,0.7423723977576734,0.6847203867179243,-0.16302521778617413,-0.02428118270283328,0.0007640387932793398,0.0035430820365273457,-0.013896605251135556,2.0922787193973633,3.9256865416456104,11.993,18.2591,18.2854
OXYGEN_SHAKE_EVENING_BREATH,3,10000,9204.2938,258.5872651186829,10.934503057429348,0.043285995840613115,0.9051754031431525,0.8313371126969759,0.7979348082036177,-0.09486291833058633,-0.002499913597631175,-0.006650281386229303,0.0034031159383374207,-0.0011388234353120889,2.013491743858236,4.260142758108551,11.7984,18.3108,18.276
OXYGEN_SHAKE_EVENING_BREATH,4,10000,9426.8298,232.8829079858803,10.980715356616736,0.27133603602571366,0.9224209750825304,0.8749035294902892,0.8606381798561524,-0.07745634353852006,-0.002601835381579678,-0.007756607576152226,0.0034147579425818577,-0.0005800355585022271,7.256168359941944,3.746979319667349,11.79,18.1905,18.2166
OXYGEN_SHAKE_GARLIC,2,10000,11058.248,659.1764934340423,10.061463209848313,0.6641894084160733,1.0059646985730584,1.0249605973628435,1.033355340857105,0.005915926168918912,-0.012777236891119622,0.0013228314768635985,0.013364780147961185,-0.005947848496878489,3.4184615384615387,3.2340058126559748,14.0454,18.2591,18.2854
OXYGEN_SHAKE_GARLIC,3,10000,11807.8419,278.48733751176195,10.104566101236038,0.24424195092441048,0.9859015298879619,0.98783084676951,0.980820123204567,-0.014195355933479734,-0.002412319075264851,0.009364687943560072,-0.005441887096373584,0.0004188314501279076,18.482439926062845,3.7795403718982654,14.91,18.3108,18.276
OXYGEN_SHAKE_GARLIC,4,10000,12910.8294,691.1007027891377,9.995754543327179,0.761125081943077,0.9989318895584496,1.0107513470856395,1.0105875294563613,-0.00114236426046571,0.0013770557870770293,-0.002117157830773154,-0.01924756250647998,0.01881617422271726,4.800288046087374,3.8826271860620696,16.2084,18.1905,18.2166
OXYGEN_SHAKE_MINT,2,10000,9893.5183,212.45010205954244,9.96235574553767,0.18543708733431014,1.0110231346762812,1.0208706847547775,1.0165457288210389,0.01117845737528787,0.004399079441988065,0.013057159000031652,0.00957851579134221,0.009174916366799254,18.147005444646098,3.2498927940535003,12.6696,18.2591,18.2854
OXYGEN_SHAKE_MINT,3,10000,10265.4505,208.08980561226443,10.010384199214824,0.401536160105414,0.9891452574466829,0.9980734004530113,1.0116286683454123,-0.010890070428104642,0.0010946137933764914,-0.0007237944332653929,-0.001908767688366933,-0.018222688605861997,2.024498886414254,3.225659668673677,13.101,18.3108,18.276
OXYGEN_SHAKE_MINT,4,10000,9356.21345,517.895217504562,10.139913744486673,0.9077376235328212,0.9903974458177504,0.9929955098173217,0.9976084409357225,-0.009675167569577184,0.0009303114584265443,0.014664446424238534,-0.0078070239154404576,-0.012825716161743186,3333.0,3.42914056568316,12.0101,18.1905,18.2166
OXYGEN_SHAKE_MORNING_BREATH,2,10000,10584.24365,306.52796407453184,10.076214284044168,0.27865112769815437,1.0023632454997902,0.9988732927523329,0.9878891341502841,0.00230028789842722,-0.0034457689341959408,-0.003898935547810135,-0.010917994583923629,-0.001967980047190219,19.683070866141733,3.5412581924807265,13.4889,18.2591,18.2854
OXYGEN_SHAKE_MORNING_BREATH,3,10000,9911.13845,750.1445402098168,10.091068624585608,0.6127908391878145,0.9902510706734844,0.9799850102439548,0.9463855086160834,-0.009778505040287974,0.009505162686859175,0.0037569996994962643,-0.004330956488867107,0.012082864395265512,12.514392991239049,3.678475421492756,12.6717,18.3108,18.276
OXYGEN_SHAKE_MORNING_BREATH,4,10000,9505.97795,168.67255182393342,10.044061888905501,0.09324238357484127,0.9917443739174344,0.9681219702814728,0.9224524978086156,-0.008352518005615005,0.008072520171749809,-0.007073077805756844,0.008444753510992236,-0.0006828879917241525,2.2210128831630387,3.5598151428575444,12.1881,18.1905,18.2166
PANEL_1X2,2,10000,9231.60075,429.9144297699689,10.168679875759867,0.7732403936110366,1.0004863113581492,1.0052740632053692,1.0273938904540387,0.0004092050816181617,0.0015013903707458537,-0.018428499056391167,0.0039829806288983905,-0.005547706631990339,3.245374878286271,3.3488122062302303,11.8891,18.2591,18.2854
PANEL_1X2,3,10000,8280.92755,293.622210801563,10.125817733838108,0.8112271169893963,0.9930519749297825,0.9700026732336037,0.9770456785065552,-0.007045937791064916,0.016763591713530108,-0.0011718565507505894,-0.0299550693602942,-0.0012298929417979456,6.119339045287638,3.8555489530434666,10.7469,18.3108,18.276
PANEL_1X2,4,10000,9255.65875,393.416468228565,10.073194512348923,0.6975046540631402,0.999691154398047,1.0166096674824638,1.0349719304846032,-0.0002847671997575915,0.014990770187110668,-0.0188115160528203,-0.005930478171801137,-0.01513961409986716,2.866685779816514,3.506715585708818,11.8933,18.1905,18.2166
PANEL_1X4,2,10000,10022.35875,430.471805898409,10.104564432406892,0.95776593709535,0.9959119259366362,0.9964411868775414,1.0071387172912596,-0.0041340798265857084,-0.0004526128945135578,-0.012776369797082694,0.007472869700327669,0.012271277317394615,2.3621545003543587,3.7808584516778274,8.8769,11.1307,11.157
PANEL_1X4,3,10000,9632.59515,803.7758470005662,10.048087157832722,0.6377673732827847,1.0099884935273773,0.9926852567541167,0.9644284572387571,0.01003692149096274,-0.009015680937198624,0.005582676789049206,-0.0037702682175691695,-0.016749342048185782,6.8816242257398486,3.8279311507922316,8.5579,11.869,11.8553
PANEL_1X4,4,10000,8537.78795,265.67165375665786,9.975990036138935,0.8518848313328748,0.9897073571251809,0.9659705679365254,0.9700759107796226,-0.010349149031063239,-0.004392035963015544,0.0030407045192997768,-0.0072145302867706925,0.012119048091671105,4.481846705513223,3.4771699096810944,7.6951,13.4693,13.6464
PANEL_2X2,2,10000,9806.89205,207.55546107437766,10.053934472205825,0.19899191650730486,0.9865007110190873,0.9875134018245211,0.9822347045692831,-0.013277093632411642,-0.0091127733315372,0.0014097894416809991,-0.006619793896424749,-0.004487833229581998,15.599063962558501,3.387082310038809,8.7079,11.3259,11.2403
PANEL_2X2,3,10000,10167.06175,448.8812468369975,9.896338117258786,0.9589619717797727,0.981574986395782,0.973677599667476,0.9775740495840819,-0.018502775538503893,0.008651619076626779,-0.00038075197059658534,-0.002479504135347723,0.005085095425034792,13.29654255319149,3.728940314253619,8.9785,11.0801,11.0718
PANEL_2X2,4,10000,8755.8415,214.71058434029283,10.059274062085635,0.5572870283025237,1.0025567631544414,0.9666728986062405,0.9503241618368818,0.0024640505872670047,-0.004416090211385574,0.003957704100013189,-0.01292029708943141,0.007201999130392531,5.655542986425339,3.6709392904505114,7.86,13.1806,13.0916
PANEL_2X4,2,10000,10713.54065,448.78599529461417,9.914472756730593,0.4167277570719501,0.9757097014420081,0.9551390067957172,0.9578790838408772,-0.02438003414648459,-0.0030333648581773107,-0.0031745837308609737,0.0036609492373366097,0.014144702374499017,2.9937125748502993,4.204531390242194,9.4145,10.8641,10.8739
PANEL_2X4,3,10000,11206.92455,341.31177042741655,10.005059573886413,0.3442374947865898,1.0115429896764685,0.9967318984771019,0.9873877299631857,0.011448013078511515,-0.014610175862635324,0.002633547068122146,-0.008642352487871617,-0.013437217965339759,6.226027397260274,3.4036811975939965,9.7905,10.8643,10.8491
PANEL_2X4,4,10000,11875.65375,426.36367989773413,10.073326370142055,0.6156819389426619,1.0078124827618515,0.9970063631525935,0.9836414271017883,0.0077833567292056914,0.009661371155425709,0.00710164405204199,-0.0006199897739166359,0.011312030476577008,2.4405662680009765,3.4656006805434876,10.3165,10.8772,10.8804
PANEL_4X4,2,10000,10040.12135,220.74129948692766,10.065473277655155,0.27093097156369245,1.0002204725704869,1.014195905213099,1.01487456624193,0.0001300122236812708,-0.00796631365665994,0.013971387510505322,0.0014663452641796425,0.003112084756152981,2.6086616227498043,3.385995437441783,8.8933,10.9955,11.0127
PANEL_4X4,3,10000,9548.0371,319.2414516061315,10.113035145719245,0.8457066504791706,0.9811194125967734,0.951132839949814,0.937417526519493,-0.018974550613452684,0.000537563483206756,-0.0023986541507047443,-0.00038174479560251415,-0.002456890578042868,7.235166425470333,3.85681772703204,8.4874,11.699,11.6878
PANEL_4X4,4,10000,10047.99935,558.5071209255774,10.048492661849295,0.9457763925114969,1.0002613290162525,1.011286621642358,1.0274342541167942,0.00023415747183249598,0.004378579776600182,0.003224112326608134,-0.010628119632869915,0.006831207014203395,2.583720930232558,3.7478848528142117,8.8707,11.2476,11.2836
PEBBLES_L,2,10000,9862.81015,505.6399376354458,15.311039358708001,0.5582948935660216,1.0064256507054778,1.0031050009215317,1.0007619540313257,0.006338148029002201,-0.007945480509429632,-0.01443440180770727,0.019894117417146896,-0.01638639512359777,2.7682724252491693,3.8664122412054156,12.6451,12.4238,12.4059
PEBBLES_L,3,10000,10201.4536,436.95592374636595,14.841864222034598,0.6545612433876495,1.004259380097713,1.0042431010877422,0.9789265829122699,0.0041994568878433,-0.019891653903625836,-0.0012499925712281064,-0.006596022700964587,0.0015045256786848527,3.9366141732283464,3.5637482146373713,13.0568,12.4006,12.4058
PEBBLES_L,4,10000,10458.068,732.7766867716249,14.404101790976688,0.9231975312284711,1.0109314647495529,1.0422458731866389,1.0518658514885975,0.011304295687522581,0.0014766675969747317,-0.0014810985467432777,-0.007320029127739212,0.006731653605792926,4.147241808378266,3.584239762445445,13.3596,12.4084,12.3964
PEBBLES_M,2,10000,9747.4463,331.40225605193154,15.54240730911245,0.3878525349321858,1.0004608488578208,1.0027756802888947,1.0060726686801853,0.0004213711441459735,0.003643932650417672,0.012129926729113524,-0.002272167754601909,0.0014063565900624565,3.793247344461305,3.7327901156246686,12.5074,12.4238,12.4059
PEBBLES_M,3,10000,10170.4927,752.2676771580113,14.979818509701158,0.6537410843667414,0.9902880965164131,0.9852788305444324,1.0011491565609365,-0.009776558168093537,0.01647741126937011,0.01706376129433063,0.008072341517249566,-0.00812330598437796,2.345531315974666,3.37585679865214,13.017,12.4006,12.4058
PEBBLES_M,4,10000,10871.79055,313.87454596653345,13.964214337188936,0.13725714590716848,0.9963818171789649,0.9974781431391154,1.0044333841303923,-0.0035850764687774352,0.009875309761629758,-0.0027569976956745307,0.011547492517331828,-0.007381147779003721,2.311373092926491,3.5420563356696957,13.8383,12.4084,12.3964
PEBBLES_S,2,10000,9650.4792,452.12422603457117,15.572185151868608,0.5613286953386584,1.014289050452854,0.9861258967138393,0.9571495700793134,0.014311772437449377,0.0036749511155232703,-0.0022137735354047145,-0.0021702679804998046,-0.004385196951026412,6.710738255033557,3.685528169946991,12.3986,12.4238,12.4059
PEBBLES_S,3,10000,9197.5171,272.0086053006228,16.52309263366719,0.07197566028094611,0.9966997905965455,0.9775610056009334,0.9636668947075498,-0.003282573968996496,-0.00703941017473236,0.017547607631521498,-0.001990489568312221,0.0034550853201049296,5.806620209059234,3.6604348898735286,11.8676,12.4006,12.4058
PEBBLES_S,4,10000,7949.0739,501.74487225958774,18.888256137556226,0.23132210779052947,1.0139942539838138,1.0385428042162694,1.05263937991294,0.013895660831866375,0.0009126671206577364,0.005546704407567775,0.02355526050178274,0.019752851056167572,7.799531981279251,3.3722758709655993,10.3884,12.4084,12.3964
PEBBLES_XL,2,10000,11549.76665,1433.6567057607542,26.77975599444241,0.7884094017730998,1.0011862471765252,0.9919970601822294,0.9990443563367318,0.0014313154312905975,0.0275813494687486,0.009592615423044851,0.017802894044774583,-0.005639816846450581,2.5520673813169985,3.408902595397212,14.6479,12.4238,12.4059
PEBBLES_XL,3,10000,13462.09645,625.6221045266843,22.60672690576598,0.2720165716802462,1.0077289567092895,1.0252864226147294,1.0696436444663804,0.007720432751151654,0.010494464737788983,0.009201131807061573,-0.0007730046368183495,-0.003855448614219111,27.394520547945206,3.4433771657170786,16.9137,12.4006,12.4058
PEBBLES_XL,4,10000,14664.90485,1444.060113783868,21.00456404920745,0.4243277849003692,1.018024148764879,1.031426592470711,1.0199154275930529,0.01811006425473809,-0.004792192954353591,0.007224584732028938,0.002873141115413359,0.012260966578973806,10.844902386117136,3.47693712267699,18.3307,12.4084,12.3964
PEBBLES_XS,2,10000,9189.4057,620.1240593280589,16.633970631602843,0.8230588640334264,0.9919045284542276,0.9929140250927927,1.0037005591623582,-0.007675354458374462,0.010027282496796176,-0.022335948109597558,0.01339889222439724,-0.01240935484776904,3.931970114038537,3.6613294648670665,11.853,12.4238,12.4059
PEBBLES_XS,3,10000,6968.41015,696.1936299277504,21.888846131920722,0.47183488227851056,0.9764847466415452,0.986892681417838,1.0220131035803366,-0.023570138313126737,0.01975097568038679,0.004123138652345408,-0.007985089119561499,0.00785774282158488,3.2967359050445104,3.5322765532067155,9.2305,13.007,12.9677
PEBBLES_XS,4,10000,6056.10345,489.76797172038266,24.878965016392492,0.313573449682102,0.9798545649891266,0.9852395311911625,0.9898230023139427,-0.02022982726539315,0.010151061054435225,-0.008861900760698703,-0.007036497585364957,-0.002774213549399571,13.849030470914128,4.149811871040529,8.1511,14.7788,14.8028
ROBOT_DISHES,2,10000,9472.68405,323.24619549284336,10.18013545583294,0.48066480071263634,1.0002321263743497,0.9955712070402567,1.0004816980635025,0.00033532457942589297,-0.004128206756205075,0.00026001201787356597,-0.014093016610076378,-0.003196103820770192,2.1512478485370052,3.5859388270040498,6.9537,8.3629,8.3084
ROBOT_DISHES,3,10000,9944.1296,214.80958254658938,10.067474586267721,0.18723056699050844,0.9962652403746227,0.9962162060429565,1.00920707853752,-0.0037764696061563666,0.0034567288315693378,0.004460957038205255,0.009262049052582058,0.021317183568821563,2.600520156046814,3.9526592991331744,7.2834,8.3664,8.3687
ROBOT_DISHES,4,10000,10638.13105,302.4739770639741,25.798184368618664,0.4378547139959279,0.7106697513831416,0.4435798703252579,0.32291463426410233,-0.28940032203541916,0.012802662456077927,0.015918779365181615,0.0071251028756511015,-0.011654748382591692,4.224334600760456,4.142866195866235,7.8137,6.1437,6.1512
ROBOT_IRONING,2,10000,9354.291,414.6132420931584,12.976386716537547,0.43108951321265054,0.844373907636463,0.7264692957662023,0.7027406652344467,-0.15557553671341817,0.034114266968128394,0.011703945687836899,-0.014064781289647705,0.014575522117725354,4.514221218961625,4.312204354327677,6.8526,10.3724,10.385
ROBOT_IRONING,3,10000,8892.5689,607.5341399483572,11.07386811457181,0.9941523794656958,0.9198192067631673,0.8524271397457233,0.8330655276649411,-0.08016512943734141,0.0006464982374001097,-0.0036462441600648484,-0.004526561011970477,0.014640051556096234,3.223404255319149,3.180263715685694,6.4312,8.6461,8.6229
ROBOT_IRONING,4,10000,7857.8509,260.79110820576307,11.14865462625209,0.37236294065089615,0.8853836661998956,0.8219300266408066,0.7799620089882203,-0.11447262100418495,-0.008768018348208166,-2.2892086735113822e-05,0.009746760226814125,-0.008498856758580106,2.412303980699638,4.178223955272423,5.895,6.0399,6.0425
ROBOT_LAUNDRY,2,10000,10273.57455,258.7117666773151,10.051045861191351,0.23191211563921305,1.0029803692678823,1.0120487269260723,1.0219235623504972,0.002926163609175396,0.013412703600369506,-0.0029765913810632805,-0.003261262645446501,-0.01969471767847634,8.627264883520276,3.6815596567495836,7.4533,7.6655,7.7368
ROBOT_LAUNDRY,3,10000,10164.6527,286.04206234872174,9.918631436370141,0.7866918758494366,1.0039177864037376,1.0048112793794026,1.0132930549565728,0.0038947147849358894,-0.0028566117732561967,-0.010089864469307253,-0.008946067410660372,-0.010101093099340624,2.6011966701352756,3.759630213379235,7.3754,7.7205,7.825
ROBOT_LAUNDRY,4,10000,9030.05785,186.7754940520236,9.97606582364929,0.052313186008509385,1.0112348653556922,1.0154030588084935,1.0167475841742786,0.01124720736265553,-0.013108282470949195,0.0012771643807682894,-0.015074775506253243,-0.016549024849083903,2.7507565337001374,3.7992422446923264,6.6665,8.6606,8.677
ROBOT_MOPPING,2,10000,10539.3132,293.5094912532813,10.001073467414555,0.5831581164309959,0.9815294041075461,0.9626750474954285,0.9808597307682692,-0.018494838092424956,0.003979336472710305,-0.00035892906879437077,0.0015009680061339062,-0.006491419315852582,3.112044817927171,3.822288687416866,7.629,7.5361,7.5274
ROBOT_MOPPING,3,10000,11011.26865,926.0035512362668,10.07047808760544,0.8540099699379771,0.9855813528203212,0.9500196096016962,0.9186683461973238,-0.014471270556032903,0.0027988092307172805,0.0188222121031786,0.007769778669963475,-0.012253494447199286,2.152173913043478,3.6044069872403997,7.9137,7.1085,7.1251
ROBOT_MOPPING,4,10000,11750.05785,277.66802881926736,9.98811390439809,0.18596499409856765,0.9962915299154871,0.9632511327394649,0.9310026799383017,-0.003704502970847339,-0.011712666739552067,-0.007332805980998278,-0.01208811065707663,0.00259253004035029,4.337960954446855,3.6031189141402264,8.3693,6.5392,6.5517
ROBOT_VACUUMING,2,10000,9747.13565,238.3595320604517,10.002181405555124,0.27501989838422825,0.9923779911290115,1.0283574603696013,1.0284367914337234,-0.00770032455457976,-0.014464990749858882,-0.0023470910251025866,-0.0012168104752858274,0.009946247050982685,2.173695652173913,3.9214303475152845,7.1303,8.1837,8.1561
ROBOT_VACUUMING,3,10000,9125.04675,394.46773554935703,10.165725036971795,0.31854746351418944,0.9873666888074161,0.9748304998127519,0.9776368709360346,-0.012674572012623472,0.014817139621705467,-0.01467593169536068,-0.015798964241453387,-0.01514874113408766,5.72680412371134,3.119874368403929,6.7227,8.6264,8.5434
ROBOT_VACUUMING,4,10000,8628.14495,135.55332129644592,9.998975114262686,0.08673172921256034,0.9961617050630792,0.9955229766354301,0.9893644790098383,-0.003769405356282997,-0.008176151228282644,-0.00921856988186244,-0.0011277239698050607,0.005703699265683526,4.736617716721932,3.280128984588152,6.4069,9.0027,8.9241
SLEEP_POD_COTTON,2,10000,10737.58295,442.39883718687315,10.050566793203295,0.4522072176767255,1.0095003460431275,1.0128570145545575,1.0285140775228705,0.009578730793566493,0.011447648089800483,0.0013829767577997426,0.013985369067752558,0.0012542486352006765,51.80829015544042,3.515079098301989,9.4377,10.8678,10.8793
SLEEP_POD_COTTON,3,10000,11347.5816,446.3969701302194,10.079840630560799,0.8854493868846057,0.9840801810360279,0.9396425192390543,0.885537737496912,-0.01585915232681536,-0.0019334527987111886,0.020056681366912025,0.002171683915748727,0.007485025937485667,14.470332850940666,3.879661980717365,9.9012,10.8643,10.8491
SLEEP_POD_COTTON,4,10000,12497.67735,609.3821407556817,10.132597810837071,0.9304327974549952,0.998877543411684,1.0030402789946542,1.0179909133200844,-0.0009476042301535253,0.014571175379954499,-0.005861299412850352,-0.013262597519544372,0.002107529760934568,5.9411764705882355,3.4007792549844686,10.8117,10.8772,10.8804
SLEEP_POD_LAMB_WOOL,2,10000,10768.7459,481.3280516271517,9.945481427850872,0.48053481436484247,0.9923003388433529,1.0010619143954536,1.0191587831222266,-0.007639709569680639,0.001133744099856496,0.008413008094053202,0.015253788496065662,-0.006192585940245576,4.663712686567164,3.483106504234892,9.465,10.8641,10.8754
SLEEP_POD_LAMB_WOOL,3,10000,10476.4434,307.30184159298494,9.979194713318131,0.5030367296593913,1.0021363008923458,1.018935149502501,1.044386294968004,0.002113528233529837,0.010248883528952155,0.009284884048420605,0.010726797891681508,0.010861019537932348,14.162889518413598,3.7645833080904323,9.2244,10.8806,10.8588
SLEEP_POD_LAMB_WOOL,4,10000,10859.13585,325.53996447406803,10.077736366693221,0.37957594799509775,1.0165735965090057,1.0472601907529437,1.0607036124855858,0.016754612689795816,-0.005668379161576871,-0.014343599449923621,-1.3583498550974459e-05,0.0022890852274905765,144.91304347826087,4.207007843321764,9.5109,10.8772,10.8804
SLEEP_POD_NYLON,2,10000,9511.1883,273.17820583478107,10.0231690335996,0.605562124692481,0.9964437525096989,1.0004113795965786,1.0003993774823325,-0.00341361659905681,0.0027110088075917925,-0.005173072103433777,0.025510797595787827,0.00907408693129649,4.145522388059701,3.5744485203793306,8.4758,11.7451,11.7436
SLEEP_POD_NYLON,3,10000,9224.39885,317.09049156932707,9.985186902072586,0.6361664415458024,1.0178215014794738,1.0156485068278451,0.9916725219808296,0.017757712661014988,-0.024353519527927307,-0.0016141200540004674,0.005283028260013674,0.0037986430079721264,2.9919210053859966,3.548532343841689,8.2383,12.3036,12.3273
SLEEP_POD_NYLON,4,10000,10173.83055,356.3159800818615,9.901458485683062,0.6339963926603944,0.987852551375123,0.9774162233543594,0.9682228799540717,-0.01224108450698395,-0.0002654214946666432,0.00954326491986951,-0.00020352942283571532,0.007393093046767123,2.8915558126084444,3.343522850387064,8.9799,10.9963,10.9804
SLEEP_POD_POLYESTER,2,10000,10696.7835,561.2288352158591,10.101448673891658,0.8915812693709502,1.0055608441880812,1.0317262311950879,1.0550369535894866,0.005595179800821758,0.0065456064049479665,-0.0011195583759514517,-0.010949222564583852,0.016375388631351094,13.512162162162163,3.707280666339261,9.4038,10.8908,10.8946
SLEEP_POD_POLYESTER,3,10000,12015.35515,416.00090503925287,9.968128053017518,0.8329249813378569,0.9917362468532436,0.9783658484114025,0.9748882682380446,-0.008306698600205298,-0.0013559768251449641,-0.0013149166334239816,0.0055233073842751515,-0.007565066746966641,2.046878198567042,3.5734975913436258,10.4341,10.8643,10.8491
SLEEP_POD_POLYESTER,4,10000,12809.5442,317.6666892300167,9.969418471538997,0.7240607443513432,0.9986488701768288,0.9927763431425695,0.9810942674837343,-0.001449031764483561,0.010276258313991801,0.005854739545227761,-0.006401287777535581,-0.006812376194604404,6.074726609963548,3.9771031833508266,11.0492,10.8772,10.8804
SLEEP_POD_SUEDE,2,10000,10254.90605,481.3230399621417,10.031944632443135,0.9086219006497005,0.9975213325214152,0.9525919511620649,0.9387388887879594,-0.002573815709971638,0.008036833366523343,-0.0042737730975171105,0.007849601438098746,0.016148362934550207,4.863326848249027,3.499642046685332,9.0625,10.9979,10.9893
SLEEP_POD_SUEDE,3,10000,11899.1903,394.4681315213055,9.995150297603915,0.21939826252241607,0.9873506849164663,0.9759883635273545,0.9578141107205956,-0.012521597255159908,-0.0017079298747010973,-0.029227248928529046,-0.011096004019528339,-0.0025512256701036933,3.4924903946908836,3.677293223041833,10.3474,10.8643,10.8491
SLEEP_POD_SUEDE,4,10000,12038.16495,273.28984826827633,9.95493910981374,0.2338713829582641,0.9953880228843257,1.017944777814002,1.0486164749510947,-0.004711383345386158,0.009218431670475436,-0.011078170377879172,-0.004817253586989201,-0.0013539298457590318,5.723526044647968,3.842460316698309,10.4385,10.8772,10.8804
SNACKPACK_CHOCOLATE,2,10000,9961.20945,131.03032914442937,6.629518263170403,0.12164038841207014,0.9755306421695418,0.9722839127619998,0.9833437953637926,-0.024121680868048015,0.0030097667791554096,0.008622187388963623,0.013696853724032681,-0.0054343052108211725,3.0775623268698062,3.3434095894537874,16.6809,29.5963,29.6335
SNACKPACK_CHOCOLATE,3,10000,9900.3468,159.21086561463073,6.650018310378086,0.3000632876167977,0.9635539715809253,0.9343322988780287,0.9198869404241415,-0.03648823178458443,0.006785164010852371,0.017675319707847116,0.00993657797272651,0.006728730284597024,2.492273180458624,3.69185757603691,16.5526,29.4421,29.4122
SNACKPACK_CHOCOLATE,4,10000,9668.5587,175.12579865431022,6.774194353929853,0.31556705907443067,0.9681671136128617,0.943758350099132,0.9116139320035371,-0.03191284587124342,-0.020065558786167444,-0.006376224775865307,-0.0018900274270467886,-0.0005482919736983107,2.888214904679376,3.2843497321028674,16.18,29.4374,29.4524
SNACKPACK_PISTACHIO,2,10000,9655.60875,143.82103044561148,5.493993216841302,0.12606196015888987,0.9661363901392208,0.953504930136954,0.9549895584021817,-0.03388797907410703,0.0038133088726648276,-0.0027089319161255664,-0.00761568644074759,-0.0020077583509477406,46.07834101382488,3.7108189883823934,16.1945,29.5963,29.6335
SNACKPACK_PISTACHIO,3,10000,9487.3927,142.333811642596,5.526220427391093,0.3905658353913505,0.9776286232260315,0.9868593307689533,0.9831833684674826,-0.02243942942153391,0.009524335964744772,-0.013461839687482869,0.004544998288128139,0.00387708201043051,9.266913809082483,3.408055391824959,15.9062,29.4421,29.4122
SNACKPACK_PISTACHIO,4,10000,9344.5303,126.58677253927443,5.532201130901721,0.47010438246277975,0.9811433802397324,0.9752905995336807,0.9730869351037996,-0.01893120640441394,0.0065822137377352765,-0.008800181188898696,-0.011629200048679445,-0.008884855869585066,3.19968,3.754290689151391,15.6762,29.4374,29.4524
SNACKPACK_RASPBERRY,2,10000,10064.87245,160.35865319962468,8.065921951835485,0.13261827441641366,0.9930226202720832,0.9958514638411218,0.9989395806101488,-0.006921430933339651,-0.0022071422978673814,-0.016325308763274815,0.0007975857903018465,-0.003047888156839878,2.8999419953596286,3.635930506516594,16.8385,29.5963,29.6335
SNACKPACK_RASPBERRY,3,10000,10117.44635,157.17320762991858,8.024554756844685,0.08835324118256671,0.9801268528401956,0.9940467113354241,1.0027990933210364,-0.019966663540415607,0.0035433123943876114,-0.012621820177286847,0.005769223826349554,0.014848614576729067,4.157588357588358,3.631851995740072,16.8981,29.4421,29.4122
SNACKPACK_RASPBERRY,4,10000,10051.1174,183.40696501834384,8.003421872620637,0.2964259284757943,0.9758396967277064,0.9571196815141053,0.9380623600710885,-0.024246318819244765,0.005446401813867545,-0.013903929323328762,-0.014006010971029536,-0.007458886663489708,2.312977099236641,3.7967158242427828,16.7908,29.4374,29.4524
SNACKPACK_STRAWBERRY,2,10000,10295.3278,244.51660045313898,7.925185632137076,0.3764093660600403,0.9893703289971885,0.9966060490392853,1.009273502577193,-0.010599597312264574,-0.00023497062605591212,-0.004475471937921074,-0.005002991281884433,-0.004161263586598522,2.8999419953596286,3.691480036154832,17.1988,29.5963,29.6335
SNACKPACK_STRAWBERRY,3,10000,10794.63975,163.88242506424385,7.564230011132302,0.03640140656467963,0.982297952495605,0.994037682166642,0.9851375889498467,-0.017780280445337186,0.004850087539568421,-0.008795423989146284,0.002419774830616256,0.012349484673070893,9.266913809082483,3.4163778991682285,17.9541,29.4421,29.4122
SNACKPACK_STRAWBERRY,4,10000,11029.85795,168.8361999003694,7.333178512743842,0.11149069265925549,0.9870496219714607,0.9719909202604414,0.949866239026772,-0.013030287038392388,0.006772330388862127,-0.009362678484630425,-0.01264361894536854,-0.009972771834720937,3.19968,3.866127816933988,18.3265,29.4374,29.4524
SNACKPACK_VANILLA,2,10000,10063.8341,157.78789236563748,6.511960756606069,0.2675156016365664,0.9770616894711941,0.962659547134421,0.9687728999489975,-0.022657243025661678,-0.0029526909511069137,0.0006778388275669331,0.017663034306836613,-0.006422787746616757,3.0775623268698062,3.8478085615097353,16.833,29.5963,29.6335
SNACKPACK_VANILLA,3,10000,10026.5386,155.27935780405585,6.469713297422124,0.25717333044393814,0.9728965705841667,0.9541565941098921,0.9572966662694182,-0.027171936851243444,0.010950557434254191,0.018224511839688838,0.01306185191345447,-0.0010651611912630685,2.0931546996022607,3.644347370670107,16.7542,29.4421,29.4122
SNACKPACK_VANILLA,4,10000,10201.5347,172.042192778138,6.374111724271302,0.3439042713405923,0.9690110009188057,0.9370276044524203,0.9069518532095702,-0.031084658788889198,-0.015121091566600839,0.009269679538494726,0.0005691273783808295,-0.0024332821606986572,2.3103049907578557,3.6335763732234985,17.0188,29.4374,29.4524
TRANSLATOR_ASTRO_BLACK,2,10000,9937.7182,191.48332914058076,10.111912005176583,0.1148212495559579,0.9990041526917384,0.9938023267760061,1.0079039399605103,-0.0009322598339862462,-0.00041261246533450837,-0.006770515960140374,-0.008012457617479112,-0.006988571007025388,9.522857142857143,4.02893450862922,8.813,11.0738,11.0648
TRANSLATOR_ASTRO_BLACK,3,10000,9026.2545,393.33617095272336,9.993880575017945,0.06189596832242756,0.9837024139011619,0.9902007269724694,0.9976474722387252,-0.01636925798094333,-0.0004703660554577261,-0.01091923199095773,0.002312056937465327,-0.002261762851474367,2.429890643985419,3.902860189465873,8.0766,12.6549,12.6367
TRANSLATOR_ASTRO_BLACK,4,10000,9191.6848,237.87363525401463,10.02552186338046,0.3400130379387465,0.9972188356196876,1.018597570641777,1.0454155539947656,-0.0028685155653628445,0.0061117568657304494,-0.011106751814575832,-0.011083434819985517,-0.005350785629880379,2.0813905079100747,3.4549635453821796,8.2096,12.385,12.4777
TRANSLATOR_ECLIPSE_CHARCOAL,2,10000,9636.6922,401.3868198622869,10.021078871994316,0.7873094140146917,0.9960332591227139,1.0016695711495005,0.9815045532212293,-0.0039358587757566425,-0.0031251303877376166,-0.014973869733674794,0.006903704156589717,-0.010874742185870893,2.3055107216970256,3.7403134786178365,8.576,11.6015,11.5683
TRANSLATOR_ECLIPSE_CHARCOAL,3,10000,10011.40815,319.1772107130732,10.04703130357851,0.567479909328799,1.0007446971666092,0.9914638117162092,0.9810308461648706,0.0008584276222458704,-0.005017571033800418,-0.0026611237048513848,-0.001791117390965321,0.01896372456037298,5.073059360730594,3.637831849974984,8.8449,11.1123,11.0686
TRANSLATOR_ECLIPSE_CHARCOAL,4,10000,9793.1253,213.52031214830592,10.04353518825362,0.16086873552215575,0.9821036293468454,0.9632932851441282,0.9267301550490435,-0.017975717447437436,-0.01036857365058936,-0.005531584717649486,-0.002692258762883228,0.019783930470208367,2.042279411764706,4.239368618054972,8.6804,11.2927,11.2958
TRANSLATOR_GRAPHITE_MIST,2,10000,9788.14865,244.7229990789127,10.007555180881441,0.4558374267559696,0.996838883805149,1.0112019087176123,1.0020362740877125,-0.0031008232173332178,-0.001717297867072821,-0.0030854116456071295,-0.0007835812671957126,-0.003322166661901021,4.469825659365221,3.7027912914156116,8.6867,11.2987,11.2331
TRANSLATOR_GRAPHITE_MIST,3,10000,9977.2997,382.35166369444505,10.00052221457878,0.8873511033643098,1.0097319320698737,0.9842083825179214,0.9856630068222905,0.009658047919023034,0.008227832607389239,0.016551490989519385,-0.004552867652345636,0.00023288585667617103,8.44510135135135,3.471378210537646,8.8242,11.1469,11.1166
TRANSLATOR_GRAPHITE_MIST,4,10000,10488.4707,529.1576610439558,10.084858457888746,0.8226660812805338,0.9823222322075458,0.9571469883446975,0.9489633778569523,-0.017689025142121267,0.001146312112524204,-0.019997468842734453,-0.0012335624550158417,0.0032616812247084526,2.799272116461366,3.584825873008401,9.2254,10.9108,10.9019
TRANSLATOR_SPACE_GRAY,2,10000,9707.22815,304.1001840225972,9.945092519578225,0.4379652716056871,1.0196014859116367,1.0407542192445374,1.0598387528841682,0.01950309684719375,0.0017879285576405679,-0.011838396706822336,-0.004371110678087918,-0.0027833855100066938,23.36214953271028,3.605680909467734,8.6269,11.4116,11.4558
TRANSLATOR_SPACE_GRAY,3,10000,9612.04765,355.4890300761438,9.965236694058463,0.7561288441972556,0.9911047208826993,0.982349951354352,0.9707523466825619,-0.008905162631543473,-0.0032752605467028977,0.00977043750762328,-0.00789163383062434,-0.009646089116912253,3.044762484774665,3.342714881652436,8.5417,11.6043,11.6081
TRANSLATOR_SPACE_GRAY,4,10000,8976.42985,472.81563394623225,10.033985727811489,0.2804260890142379,1.0115573951841113,1.0321820549705631,1.021954898680202,0.011571970477438945,-0.009813402646412386,-0.014194154744599022,0.0010274368611706056,0.003073031831209962,5.057663125948407,3.6959903270110788,8.0379,12.7848,12.7903
TRANSLATOR_VOID_BLUE,2,10000,10188.3893,408.7529331338309,9.96497818074745,0.9158407207624413,0.9861625806590713,0.9683689654761272,0.9642636143200579,-0.013931763359298402,0.00786643332504929,-0.01099430443663965,-2.7287557895490017e-05,-0.005176579287450082,4.238660449342942,3.6093031839917398,9.003,10.9801,11.0214
TRANSLATOR_VOID_BLUE,3,10000,11149.02545,250.78849321150585,9.937682601258008,0.39403577117354355,0.9909850885417507,1.0009670455253084,1.0130068070759841,-0.008951825223010431,0.007370817108669282,0.0024105097322418482,0.0052773898560979325,0.010721581005343966,2.0574074074074074,3.4327217619846815,9.7577,10.8643,10.8491
TRANSLATOR_VOID_BLUE,4,10000,11238.32325,314.4513968555991,9.976695939798955,0.30916331520468165,0.9950229950753188,0.9768313163074779,0.9418864072453925,-0.00463935646572454,-0.005132647515361905,-0.004360296758057373,0.003337163148480022,0.008152895882634563,2.00863800723182,4.023326712872417,9.8133,10.8772,10.8804
UV_VISOR_AMBER,2,10000,9177.2059,414.733530722065,9.965605358117182,0.6139362649926037,0.9943353733528328,1.0090910303180178,1.0163894872536328,-0.005643878420288351,0.004242892532998502,0.007943896854120266,0.01820496955984238,-0.015793136248929775,4.497975708502024,3.5831641066090993,11.8268,18.2591,18.2854
UV_VISOR_AMBER,3,10000,7672.90135,254.75422860705865,10.054109804766352,0.044989612715299485,0.9991711523959574,0.9849785635838509,0.9831245523788453,-0.0008857134893783975,0.006865075124034272,0.005441417520621903,0.011199856741825014,0.0034801130098146495,4.211878685762426,3.7103811271387204,10.0387,18.3108,18.276
UV_VISOR_AMBER,4,10000,6884.9815,178.46610436648749,10.16104771243073,0.07800269009824767,0.9971385362838155,1.0064514408625618,1.0389609278654353,-0.002842917461704929,0.006716408571154001,0.010541559039477037,0.020078664801712335,-0.0011022148484348482,2.5850568769389866,3.7819245275658075,9.096,18.2282,18.2593
UV_VISOR_MAGENTA,2,10000,10398.9058,429.38622803527363,10.089942271484478,0.8833526552732592,0.9929545165848057,0.9856329677085455,0.9823082776501264,-0.007094675365393404,0.007970698177622347,-0.00024561925024093955,0.005798260066352232,-0.005052710773811103,4.668067226890757,3.5639204122720423,13.2634,18.2591,18.2854
UV_VISOR_MAGENTA,3,10000,11358.40575,260.07839691511765,10.210196189083176,0.2236339472361914,1.0004966189055646,1.014922846313279,0.9907586651803892,0.000455939156071202,-0.016970711746701877,-0.0034909027817032383,0.002974137081554495,-0.0017484292210400718,2.358254716981132,3.455321935697821,14.3765,18.3108,18.276
UV_VISOR_MAGENTA,4,10000,11578.06715,301.42570048998397,9.904964089940632,0.3340056878211371,0.9969824900255528,0.9974694601244813,1.0016155208238204,-0.003000718178496191,0.011712317776696339,-0.00551246721777343,-0.00719083975701495,0.002514087374154103,2.8552255853797828,3.706230160200043,14.6349,18.1905,18.2166
UV_VISOR_ORANGE,2,10000,9876.90115,220.6692471860941,10.099351633882423,0.2024794341909239,0.9965183862815513,1.019051187558991,0.9973146474981831,-0.003575354974241848,-0.0114758848378565,0.0027327756860003735,0.010018401246239466,-0.0007504823466629599,13.585597826086957,3.664621096350052,12.6553,18.2591,18.2854
UV_VISOR_ORANGE,3,10000,10574.22955,306.81640916319566,10.000529055296447,0.3763970690690929,1.0091261002554734,1.0016035855508127,0.9728058826889961,0.009165062446675335,-0.008979409618039698,0.018575618784170737,0.0035821695776741104,-0.006446655963098308,7.412157153446998,3.9657243899372667,13.4513,18.3108,18.276
UV_VISOR_ORANGE,4,10000,10828.38795,530.3150857460096,9.968230764378731,0.9934359986091756,0.9981312817588645,1.0098377448342903,1.0297166483732734,-0.0017632007843222798,0.0026293282285135182,1.3121801751578194e-05,-0.0066054185787016405,-0.007874278786143819,2.1215786123488223,3.6294810936186117,13.7457,18.1905,18.2166
UV_VISOR_RED,2,10000,10777.55565,280.94601061071774,10.019334197949245,0.024394646027744184,0.9987378224659096,1.0157325595613236,0.9879230909808411,-0.0013505159139602474,-0.02451949906781774,0.0204050713772658,0.0125455951126227,-0.012813359367797216,21.87964989059081,3.571030094747067,13.7181,18.2591,18.2854
UV_VISOR_RED,3,10000,10624.18825,280.64923915260755,9.869956287102093,0.5071082568474039,0.9852665340961014,0.9556247623828468,0.9335022846395424,-0.014750988536383415,-0.006280257607510829,-0.01510041172627123,0.005136204910680193,-0.012567050805488606,2.3538135593220337,3.841829489066695,13.5135,18.3108,18.276
UV_VISOR_RED,4,10000,11788.13685,280.43086170583564,9.978143560080929,0.03297680113416442,1.004198874324454,0.9870780858610417,0.9847852749486576,0.004523349875106501,-0.0031329444966807876,-0.012247762096915204,0.010560309713786215,0.011781749946478104,27.698060941828256,3.524291912848984,14.8867,18.1905,18.2166
UV_VISOR_YELLOW,2,10000,10790.3959,680.5817916776718,9.970938127937131,0.8078217380227106,1.0156444789801364,1.0433065185667219,1.0252829412048525,0.015788171250069722,-0.002571269653124686,-0.007963158987497606,-0.0076068303204889914,-0.01737552914259445,4.894273127753304,4.3754504338618725,13.7314,18.2591,18.2854
UV_VISOR_YELLOW,3,10000,11408.83865,254.68008597292706,10.097638974880452,0.4986816321207575,0.9902909501564515,0.9567488295618117,0.947117501632389,-0.009779961003080873,0.0028311544433018555,0.007664655904876258,-0.001542925107417799,-0.008399086147016059,2.2087475149105367,3.4132723888465004,14.4349,18.3108,18.276
UV_VISOR_YELLOW,4,10000,10673.1477,744.311801723384,10.000914200606609,0.46775154070285285,1.0030801571719647,1.0151146963490418,1.0257394582555845,0.0029879460215031287,0.008998033567766987,0.002965426408332389,0.00905296289763474,-0.018803791587742386,2.253041910770617,4.09224823901377,13.5636,18.1905,18.2166
